{"accuracy": 0.7666666666666667, "roc_auc": 0.7678571428571428}